Name	Default	Flags	Dimensions	Type	Comment
GLOBAL:Conventions	SOFA	rm	  	attribute
GLOBAL:Version	2.0	rm	 	attribute
GLOBAL:SOFAConventions	GeneralFIR-E	rm	  	attribute	This conventions stores IRs for general purposes, i.e., only the mandatory, SOFA general metadata are pre-defined
GLOBAL:SOFAConventionsVersion	2.0	rm	  	attribute
GLOBAL:APIName		rm	  	attribute
GLOBAL:APIVersion		rm	  	attribute
GLOBAL:ApplicationName			  	attribute
GLOBAL:ApplicationVersion			  	attribute
GLOBAL:AuthorContact		m	  	attribute
GLOBAL:Comment		m	 	attribute
GLOBAL:DataType	FIR-E	rm	  	attribute	We use FIR datatype which in addition depends on Emitters (E)
GLOBAL:History			 	attribute
GLOBAL:License	No license provided, ask the author for permission	m	  	attribute
GLOBAL:Organization		m	  	attribute
GLOBAL:References				attribute
GLOBAL:RoomType	free field	m	  	attribute	The room information can be arbitrary
GLOBAL:Origin				attribute
GLOBAL:DateCreated		m	 	attribute
GLOBAL:DateModified		m	 	attribute
GLOBAL:Title		m		attribute
ListenerPosition	[0 0 0] 	m	IC, MC	double
ListenerPosition:Type	cartesian	m	  	attribute
ListenerPosition:Units	metre	m	  	attribute
ReceiverPosition	[0 0 0]	m	IC, RC, RCM	double
ReceiverPosition:Type	cartesian	m	  	attribute
ReceiverPosition:Units	metre	m	  	attribute
SourcePosition	[0 0 1]	m	IC, MC	double
SourcePosition:Type	spherical	m	  	attribute
SourcePosition:Units	degree, degree, metre	m	  	attribute
EmitterPosition	[0 0 0]	m	IC, EC, ECM	double	Each speaker is represented as an emitter. Use EmitterPosition to represent the position of a particular speaker. Size of EmitterPosition determines E
EmitterPosition:Type	cartesian	m	  	attribute
EmitterPosition:Units	metre	m	  	attribute
Data.IR	0	m	mrne	double	Impulse responses
Data.SamplingRate	48000	m	I, M	double	Sampling rate of the samples in Data.IR and Data.Delay
Data.SamplingRate:Units	hertz	m		attribute	Unit of the sampling rate
Data.Delay	0	m	IRE, MRE	double	Additional delay of each IR (in samples)
